<?xml version="1.0" encoding="utf-8" ?><dwsync><file name="A1_img.png" server="www.arca-web.com/www/group-kansai/" local="3770852820" remote="3770853720" Dst="-1" /><file name="A2_img.png" server="www.arca-web.com/www/group-kansai/" local="3770852820" remote="3770853720" Dst="-1" /><file name="A3_img.png" server="www.arca-web.com/www/group-kansai/" local="3770852820" remote="3770853720" Dst="-1" /><file name="A5_img.png" server="www.arca-web.com/www/group-kansai/" local="3770852820" remote="3770853720" Dst="-1" /><file name="A4_img.png" server="www.arca-web.com/www/group-kansai/" local="3770852820" remote="3770853720" Dst="-1" /><file name="A6_img.png" server="www.arca-web.com/www/group-kansai/" local="3770852820" remote="3770853720" Dst="-1" /><file name="A7_img.png" server="www.arca-web.com/www/group-kansai/" local="3770852820" remote="3770853720" Dst="-1" /><file name="A8_img.png" server="www.arca-web.com/www/group-kansai/" local="3770852820" remote="3770853720" Dst="-1" /><file name="A9_img.png" server="www.arca-web.com/www/group-kansai/" local="3770852820" remote="3770853720" Dst="-1" /><file name="A_tit.png" server="www.arca-web.com/www/group-kansai/" local="3770852820" remote="3770853720" Dst="-1" /><file name="A_tit_sp.png" server="www.arca-web.com/www/group-kansai/" local="3770852819" remote="3770853720" Dst="-1" /><file name="ic_facebook.svg" server="www.arca-web.com/www/group-kansai/" local="3770852819" remote="3770853720" Dst="-1" /><file name="ic_facebook_white.svg" server="www.arca-web.com/www/group-kansai/" local="3770852819" remote="3770853720" Dst="-1" /><file name="ic_twitter.svg" server="www.arca-web.com/www/group-kansai/" local="3770852819" remote="3770853720" Dst="-1" /><file name="ic_twitter_white.svg" server="www.arca-web.com/www/group-kansai/" local="3770852819" remote="3770853720" Dst="-1" /><file name="img.png" server="www.arca-web.com/www/group-kansai/" local="3770852819" remote="3770853720" Dst="-1" /><file name="img_sp.png" server="www.arca-web.com/www/group-kansai/" local="3770852819" remote="3770853720" Dst="-1" /><file name="logo_mec.svg" server="www.arca-web.com/www/group-kansai/" local="3770852819" remote="3770853720" Dst="-1" /><file name="logo_mecgonext.svg" server="www.arca-web.com/www/group-kansai/" local="3770852818" remote="3770853720" Dst="-1" /></dwsync>