<?xml version="1.0" encoding="utf-8" ?><dwsync><file name="admin01_bnr01.jpg" server="www.arca-web.com/www/group-kansai/" local="3770852836" remote="3770853720" Dst="-1" /><file name="admin01_img01.jpg" server="www.arca-web.com/www/group-kansai/" local="3770852836" remote="3770853720" Dst="-1" /><file name="admin_icon.svg" server="www.arca-web.com/www/group-kansai/" local="3770852836" remote="3770853720" Dst="-1" /><file name="bg.jpg" server="www.arca-web.com/www/group-kansai/" local="3770852836" remote="3770853720" Dst="-1" /><file name="bnr_award.jpg" server="www.arca-web.com/www/group-kansai/" local="3770852836" remote="3770853720" Dst="-1" /><file name="bnr_check.jpg" server="www.arca-web.com/www/group-kansai/" local="3770852836" remote="3770853720" Dst="-1" /><file name="bnr_check_menu.jpg" server="www.arca-web.com/www/group-kansai/" local="3770852836" remote="3770853720" Dst="-1" /><file name="bnr_find.jpg" server="www.arca-web.com/www/group-kansai/" local="3770852836" remote="3770853720" Dst="-1" /><file name="bnr_find01.png" server="www.arca-web.com/www/group-kansai/" local="3770852836" remote="3770853720" Dst="-1" /><file name="bnr_find02.png" server="www.arca-web.com/www/group-kansai/" local="3770852836" remote="3770853720" Dst="-1" /><file name="bnr_find03.png" server="www.arca-web.com/www/group-kansai/" local="3770852836" remote="3770853720" Dst="-1" /><file name="bnr_find_menu.jpg" server="www.arca-web.com/www/group-kansai/" local="3770852836" remote="3770853720" Dst="-1" /><file name="bnr_giftcard.jpg" server="www.arca-web.com/www/group-kansai/" local="3770852824" remote="3770853720" Dst="-1" /><file name="bnr_kidzuki.jpg" server="www.arca-web.com/www/group-kansai/" local="3770852836" remote="3770853720" Dst="-1" /><file name="bnr_leaseback.jpg" server="www.arca-web.com/www/group-kansai/" local="3770852825" remote="3770853720" Dst="-1" /><file name="bnr_meister.jpg" server="www.arca-web.com/www/group-kansai/" local="3770852825" remote="3770853720" Dst="-1" /><file name="bnr_mjh_minoh.jpg" server="www.arca-web.com/www/group-kansai/" local="3770852823" remote="3770853720" Dst="-1" /><file name="bnr_mjh_open.jpg" server="www.arca-web.com/www/group-kansai/" local="3770852824" remote="3770853720" Dst="-1" /><file name="bnr_mjhlab.jpg" server="www.arca-web.com/www/group-kansai/" local="3770852824" remote="3770853720" Dst="-1" /><file name="bnr_mjr_kyoto-isshomon.jpg" server="www.arca-web.com/www/group-kansai/" local="3770852822" remote="3770853720" Dst="-1" /><file name="bnr_mjr_tph-umeda-tower.jpg" server="www.arca-web.com/www/group-kansai/" local="3770852822" remote="3770853720" Dst="-1" /><file name="bnr_modelroom.jpg" server="www.arca-web.com/www/group-kansai/" local="3770852835" remote="3770853720" Dst="-1" /><file name="bnr_movie.jpg" server="www.arca-web.com/www/group-kansai/" local="3770852835" remote="3770853720" Dst="-1" /><file name="bnr_osaka-towers.jpg" server="www.arca-web.com/www/group-kansai/" local="3770852824" remote="3770853720" Dst="-1" /><file name="bnr_renovation.jpg" server="www.arca-web.com/www/group-kansai/" local="3770852824" remote="3770853720" Dst="-1" /><file name="bnr_ul_ashiya.jpg" server="www.arca-web.com/www/group-kansai/" local="3770852823" remote="3770853720" Dst="-1" /><file name="bnr_ul_transfer.jpg" server="www.arca-web.com/www/group-kansai/" local="3770852824" remote="3770853720" Dst="-1" /><file name="bnr_voice.jpg" server="www.arca-web.com/www/group-kansai/" local="3770852821" remote="3770853720" Dst="-1" /><file name="bnr_voice01.png" server="www.arca-web.com/www/group-kansai/" local="3770852822" remote="3770853720" Dst="-1" /><file name="bnr_voice02.png" server="www.arca-web.com/www/group-kansai/" local="3770852822" remote="3770853720" Dst="-1" /><file name="bnr_voice03.png" server="www.arca-web.com/www/group-kansai/" local="3770852822" remote="3770853720" Dst="-1" /><file name="bnr_voice_sp.jpg" server="www.arca-web.com/www/group-kansai/" local="3770852822" remote="3770853720" Dst="-1" /><file name="borrow01_img01.jpg" server="www.arca-web.com/www/group-kansai/" local="3770852835" remote="3770853720" Dst="-1" /><file name="borrow01_point01.jpg" server="www.arca-web.com/www/group-kansai/" local="3770852835" remote="3770853720" Dst="-1" /><file name="borrow01_point02.jpg" server="www.arca-web.com/www/group-kansai/" local="3770852835" remote="3770853720" Dst="-1" /><file name="borrow_icon.svg" server="www.arca-web.com/www/group-kansai/" local="3770852835" remote="3770853720" Dst="-1" /><file name="btn_next.jpg" server="www.arca-web.com/www/group-kansai/" local="3770852835" remote="3770853720" Dst="-1" /><file name="btn_prev.jpg" server="www.arca-web.com/www/group-kansai/" local="3770852835" remote="3770853720" Dst="-1" /><file name="build01_bnr01.jpg" server="www.arca-web.com/www/group-kansai/" local="3770852835" remote="3770853720" Dst="-1" /><file name="build01_bnr02.jpg" server="www.arca-web.com/www/group-kansai/" local="3770852835" remote="3770853720" Dst="-1" /><file name="build01_img02.jpg" server="www.arca-web.com/www/group-kansai/" local="3770852835" remote="3770853720" Dst="-1" /><file name="build01_img01.jpg" server="www.arca-web.com/www/group-kansai/" local="3770852835" remote="3770853720" Dst="-1" /><file name="build01_img03.jpg" server="www.arca-web.com/www/group-kansai/" local="3770852823" remote="3770853720" Dst="-1" /><file name="build01_img04.jpg" server="www.arca-web.com/www/group-kansai/" local="3770852823" remote="3770853720" Dst="-1" /><file name="build01_point02.jpg" server="www.arca-web.com/www/group-kansai/" local="3770852835" remote="3770853720" Dst="-1" /><file name="build01_point01.jpg" server="www.arca-web.com/www/group-kansai/" local="3770852835" remote="3770853720" Dst="-1" /><file name="build01_point03.jpg" server="www.arca-web.com/www/group-kansai/" local="3770852834" remote="3770853720" Dst="-1" /><file name="build_icon.svg" server="www.arca-web.com/www/group-kansai/" local="3770852834" remote="3770853720" Dst="-1" /><file name="buy01_img02.jpg" server="www.arca-web.com/www/group-kansai/" local="3770852834" remote="3770853720" Dst="-1" /><file name="buy01_img03.jpg" server="www.arca-web.com/www/group-kansai/" local="3770852834" remote="3770853720" Dst="-1" /><file name="buy01_img01.jpg" server="www.arca-web.com/www/group-kansai/" local="3770852834" remote="3770853720" Dst="-1" /><file name="buy01_img04.jpg" server="www.arca-web.com/www/group-kansai/" local="3770852834" remote="3770853720" Dst="-1" /><file name="buy01_img05.jpg" server="www.arca-web.com/www/group-kansai/" local="3770852834" remote="3770853720" Dst="-1" /><file name="buy01_img06.jpg" server="www.arca-web.com/www/group-kansai/" local="3770852822" remote="3770853720" Dst="-1" /><file name="buy01_point02.jpg" server="www.arca-web.com/www/group-kansai/" local="3770852834" remote="3770853720" Dst="-1" /><file name="buy01_point01.jpg" server="www.arca-web.com/www/group-kansai/" local="3770852834" remote="3770853720" Dst="-1" /><file name="buy01_point03.jpg" server="www.arca-web.com/www/group-kansai/" local="3770852834" remote="3770853720" Dst="-1" /><file name="buy02_img01.jpg" server="www.arca-web.com/www/group-kansai/" local="3770852834" remote="3770853720" Dst="-1" /><file name="buy01_point04.jpg" server="www.arca-web.com/www/group-kansai/" local="3770852822" remote="3770853720" Dst="-1" /><file name="buy02_point01.jpg" server="www.arca-web.com/www/group-kansai/" local="3770852834" remote="3770853720" Dst="-1" /><file name="buy02_point02.jpg" server="www.arca-web.com/www/group-kansai/" local="3770852834" remote="3770853720" Dst="-1" /><file name="buy02_point03.jpg" server="www.arca-web.com/www/group-kansai/" local="3770852833" remote="3770853720" Dst="-1" /><file name="buy02_point04.jpg" server="www.arca-web.com/www/group-kansai/" local="3770852833" remote="3770853720" Dst="-1" /><file name="buy02_point05.jpg" server="www.arca-web.com/www/group-kansai/" local="3770852833" remote="3770853720" Dst="-1" /><file name="buy02_point06.jpg" server="www.arca-web.com/www/group-kansai/" local="3770852833" remote="3770853720" Dst="-1" /><file name="buy03_img01.jpg" server="www.arca-web.com/www/group-kansai/" local="3770852833" remote="3770853720" Dst="-1" /><file name="buy03_point01.jpg" server="www.arca-web.com/www/group-kansai/" local="3770852833" remote="3770853720" Dst="-1" /><file name="buy03_point02.jpg" server="www.arca-web.com/www/group-kansai/" local="3770852833" remote="3770853720" Dst="-1" /><file name="buy03_point03.jpg" server="www.arca-web.com/www/group-kansai/" local="3770852833" remote="3770853720" Dst="-1" /><file name="buy03_point04.jpg" server="www.arca-web.com/www/group-kansai/" local="3770852833" remote="3770853720" Dst="-1" /><file name="buy03_point05.jpg" server="www.arca-web.com/www/group-kansai/" local="3770852833" remote="3770853720" Dst="-1" /><file name="buy03_point06.jpg" server="www.arca-web.com/www/group-kansai/" local="3770852833" remote="3770853720" Dst="-1" /><file name="buy04_img01.jpg" server="www.arca-web.com/www/group-kansai/" local="3770852833" remote="3770853720" Dst="-1" /><file name="buy04_point01.jpg" server="www.arca-web.com/www/group-kansai/" local="3770852833" remote="3770853720" Dst="-1" /><file name="buy04_point02.jpg" server="www.arca-web.com/www/group-kansai/" local="3770852832" remote="3770853720" Dst="-1" /><file name="buy04_point03.jpg" server="www.arca-web.com/www/group-kansai/" local="3770852832" remote="3770853720" Dst="-1" /><file name="buy05_point05.jpg" server="www.arca-web.com/www/group-kansai/" local="3770852832" remote="3770853720" Dst="-1" /><file name="buy06_point06.jpg" server="www.arca-web.com/www/group-kansai/" local="3770852832" remote="3770853720" Dst="-1" /><file name="buy_icon.svg" server="www.arca-web.com/www/group-kansai/" local="3770852832" remote="3770853720" Dst="-1" /><file name="fbnr_brand2022.jpg" server="www.arca-web.com/www/group-kansai/" local="3770852832" remote="3770853720" Dst="-1" /><file name="fbnr_exchange-lp.jpg" server="www.arca-web.com/www/group-kansai/" local="3770852832" remote="3770853720" Dst="-1" /><file name="fbnr_kyoto-isshomon.jpg" server="www.arca-web.com/www/group-kansai/" local="3770852832" remote="3770853720" Dst="-1" /><file name="fbnr_mec-go-next.jpg" server="www.arca-web.com/www/group-kansai/" local="3770852832" remote="3770853720" Dst="-1" /><file name="fbnr_kyoto-isshomon.png" server="www.arca-web.com/www/group-kansai/" local="3770852823" remote="3770853720" Dst="-1" /><file name="fbnr_resiclub.jpg" server="www.arca-web.com/www/group-kansai/" local="3770852832" remote="3770853720" Dst="-1" /><file name="fbnr_tph-meister.jpg" server="www.arca-web.com/www/group-kansai/" local="3770852823" remote="3770853720" Dst="-1" /><file name="floating_bnr_matching.jpg" server="www.arca-web.com/www/group-kansai/" local="3770852824" remote="3770853720" Dst="-1" /><file name="floating_bnr_matching_sp.jpg" server="www.arca-web.com/www/group-kansai/" local="3770852824" remote="3770853720" Dst="-1" /><file name="flogo_mec.svg" server="www.arca-web.com/www/group-kansai/" local="3770852832" remote="3770853720" Dst="-1" /><file name="glogo_mec-c.jpg" server="www.arca-web.com/www/group-kansai/" local="3770852832" remote="3770853720" Dst="-1" /><file name="glogo_mec-h.jpg" server="www.arca-web.com/www/group-kansai/" local="3770852832" remote="3770853720" Dst="-1" /><file name="glogo_mec-r.jpg" server="www.arca-web.com/www/group-kansai/" local="3770852831" remote="3770853720" Dst="-1" /><file name="glogo_mec.jpg" server="www.arca-web.com/www/group-kansai/" local="3770852831" remote="3770853720" Dst="-1" /><file name="glogo_mec_design.jpg" server="www.arca-web.com/www/group-kansai/" local="3770852831" remote="3770853720" Dst="-1" /><file name="glogo_mitsubishi-home.jpg" server="www.arca-web.com/www/group-kansai/" local="3770852831" remote="3770853720" Dst="-1" /><file name="glogo_urbanlife.jpg" server="www.arca-web.com/www/group-kansai/" local="3770852831" remote="3770853720" Dst="-1" /><file name="ic_arrows.png" server="www.arca-web.com/www/group-kansai/" local="3770852831" remote="3770853720" Dst="-1" /><file name="ic_double_arrow.png" server="www.arca-web.com/www/group-kansai/" local="3770852822" remote="3770853720" Dst="-1" /><file name="ic_open_red.svg" server="www.arca-web.com/www/group-kansai/" local="3770852831" remote="3770853720" Dst="-1" /><file name="ic_open_white.svg" server="www.arca-web.com/www/group-kansai/" local="3770852831" remote="3770853720" Dst="-1" /><file name="ic_tel_red.svg" server="www.arca-web.com/www/group-kansai/" local="3770852824" remote="3770853720" Dst="-1" /><file name="ic_tel_white.svg" server="www.arca-web.com/www/group-kansai/" local="3770852824" remote="3770853720" Dst="-1" /><file name="ic_zoom.png" server="www.arca-web.com/www/group-kansai/" local="3770852831" remote="3770853720" Dst="-1" /><file name="interior01_bnr01.jpg" server="www.arca-web.com/www/group-kansai/" local="3770852831" remote="3770853720" Dst="-1" /><file name="interior_icon.svg" server="www.arca-web.com/www/group-kansai/" local="3770852831" remote="3770853720" Dst="-1" /><file name="interior01_img01.jpg" server="www.arca-web.com/www/group-kansai/" local="3770852831" remote="3770853720" Dst="-1" /><file name="lend01_img01.jpg" server="www.arca-web.com/www/group-kansai/" local="3770852831" remote="3770853720" Dst="-1" /><file name="lend01_point01.jpg" server="www.arca-web.com/www/group-kansai/" local="3770852830" remote="3770853720" Dst="-1" /><file name="lend01_point02.jpg" server="www.arca-web.com/www/group-kansai/" local="3770852830" remote="3770853720" Dst="-1" /><file name="lend_icon.svg" server="www.arca-web.com/www/group-kansai/" local="3770852830" remote="3770853720" Dst="-1" /><file name="logo_mec-c.svg" server="www.arca-web.com/www/group-kansai/" local="3770852830" remote="3770853720" Dst="-1" /><file name="logo_mec-design.jpg" server="www.arca-web.com/www/group-kansai/" local="3770852830" remote="3770853720" Dst="-1" /><file name="logo_mec-h.svg" server="www.arca-web.com/www/group-kansai/" local="3770852830" remote="3770853720" Dst="-1" /><file name="logo_mec-h_value.png" server="www.arca-web.com/www/group-kansai/" local="3770852830" remote="3770853720" Dst="-1" /><file name="logo_mec-r.svg" server="www.arca-web.com/www/group-kansai/" local="3770852830" remote="3770853720" Dst="-1" /><file name="logo_mec.svg" server="www.arca-web.com/www/group-kansai/" local="3770852830" remote="3770853720" Dst="-1" /><file name="logo_mecgonext.svg" server="www.arca-web.com/www/group-kansai/" local="3770852830" remote="3770853720" Dst="-1" /><file name="logo_mitsubishi-home.svg" server="www.arca-web.com/www/group-kansai/" local="3770852830" remote="3770853720" Dst="-1" /><file name="logo_mitsubishi-home_value.jpg" server="www.arca-web.com/www/group-kansai/" local="3770852830" remote="3770853720" Dst="-1" /><file name="logo_theparkhouse.svg" server="www.arca-web.com/www/group-kansai/" local="3770852830" remote="3770853720" Dst="-1" /><file name="logo_urbanlife.jpg" server="www.arca-web.com/www/group-kansai/" local="3770852830" remote="3770853720" Dst="-1" /><file name="map.jpg" server="www.arca-web.com/www/group-kansai/" local="3770852830" remote="3770853720" Dst="-1" /><file name="map_sp.jpg" server="www.arca-web.com/www/group-kansai/" local="3770852830" remote="3770853720" Dst="-1" /><file name="modal_blue1.jpg" server="www.arca-web.com/www/group-kansai/" local="3770852829" remote="3770853720" Dst="-1" /><file name="modal_blue10.jpg" server="www.arca-web.com/www/group-kansai/" local="3770852829" remote="3770853720" Dst="-1" /><file name="modal_blue11.jpg" server="www.arca-web.com/www/group-kansai/" local="3770852829" remote="3770853720" Dst="-1" /><file name="modal_blue12.jpg" server="www.arca-web.com/www/group-kansai/" local="3770852829" remote="3770853720" Dst="-1" /><file name="modal_blue2.jpg" server="www.arca-web.com/www/group-kansai/" local="3770852829" remote="3770853720" Dst="-1" /><file name="modal_blue3.jpg" server="www.arca-web.com/www/group-kansai/" local="3770852829" remote="3770853720" Dst="-1" /><file name="modal_blue4.jpg" server="www.arca-web.com/www/group-kansai/" local="3770852829" remote="3770853720" Dst="-1" /><file name="modal_blue5.jpg" server="www.arca-web.com/www/group-kansai/" local="3770852829" remote="3770853720" Dst="-1" /><file name="modal_blue6.jpg" server="www.arca-web.com/www/group-kansai/" local="3770852829" remote="3770853720" Dst="-1" /><file name="modal_blue7.jpg" server="www.arca-web.com/www/group-kansai/" local="3770852829" remote="3770853720" Dst="-1" /><file name="modal_blue8.jpg" server="www.arca-web.com/www/group-kansai/" local="3770852829" remote="3770853720" Dst="-1" /><file name="modal_blue9.jpg" server="www.arca-web.com/www/group-kansai/" local="3770852828" remote="3770853720" Dst="-1" /><file name="modal_close.png" server="www.arca-web.com/www/group-kansai/" local="3770852828" remote="3770853720" Dst="-1" /><file name="modal_coral1.jpg" server="www.arca-web.com/www/group-kansai/" local="3770852828" remote="3770853720" Dst="-1" /><file name="modal_coral2.jpg" server="www.arca-web.com/www/group-kansai/" local="3770852828" remote="3770853720" Dst="-1" /><file name="modal_coral3.jpg" server="www.arca-web.com/www/group-kansai/" local="3770852823" remote="3770853720" Dst="-1" /><file name="modal_coral4.jpg" server="www.arca-web.com/www/group-kansai/" local="3770852823" remote="3770853720" Dst="-1" /><file name="modal_dgreen1.jpg" server="www.arca-web.com/www/group-kansai/" local="3770852828" remote="3770853720" Dst="-1" /><file name="modal_dgreen2.jpg" server="www.arca-web.com/www/group-kansai/" local="3770852828" remote="3770853720" Dst="-1" /><file name="modal_dgreen3.jpg" server="www.arca-web.com/www/group-kansai/" local="3770852828" remote="3770853720" Dst="-1" /><file name="modal_dgreen4.jpg" server="www.arca-web.com/www/group-kansai/" local="3770852822" remote="3770853720" Dst="-1" /><file name="nav_01.jpg" server="www.arca-web.com/www/group-kansai/" local="3770852828" remote="3770853720" Dst="-1" /><file name="mv.jpg" server="www.arca-web.com/www/group-kansai/" local="3770852828" remote="3770853720" Dst="-1" /><file name="mv_sp.jpg" server="www.arca-web.com/www/group-kansai/" local="3770852828" remote="3770853720" Dst="-1" /><file name="nav_01.svg" server="www.arca-web.com/www/group-kansai/" local="3770852822" remote="3770853720" Dst="-1" /><file name="nav_02.jpg" server="www.arca-web.com/www/group-kansai/" local="3770852828" remote="3770853720" Dst="-1" /><file name="nav_02.svg" server="www.arca-web.com/www/group-kansai/" local="3770852822" remote="3770853720" Dst="-1" /><file name="nav_03.jpg" server="www.arca-web.com/www/group-kansai/" local="3770852828" remote="3770853720" Dst="-1" /><file name="nav_04.jpg" server="www.arca-web.com/www/group-kansai/" local="3770852827" remote="3770853720" Dst="-1" /><file name="nav_03.svg" server="www.arca-web.com/www/group-kansai/" local="3770852822" remote="3770853720" Dst="-1" /><file name="nav_04.svg" server="www.arca-web.com/www/group-kansai/" local="3770852823" remote="3770853720" Dst="-1" /><file name="nav_05.jpg" server="www.arca-web.com/www/group-kansai/" local="3770852828" remote="3770853720" Dst="-1" /><file name="nav_05.svg" server="www.arca-web.com/www/group-kansai/" local="3770852823" remote="3770853720" Dst="-1" /><file name="nav_06.jpg" server="www.arca-web.com/www/group-kansai/" local="3770852827" remote="3770853720" Dst="-1" /><file name="nav_06.svg" server="www.arca-web.com/www/group-kansai/" local="3770852822" remote="3770853720" Dst="-1" /><file name="nav_07.svg" server="www.arca-web.com/www/group-kansai/" local="3770852822" remote="3770853720" Dst="-1" /><file name="nav_07.jpg" server="www.arca-web.com/www/group-kansai/" local="3770852827" remote="3770853720" Dst="-1" /><file name="nav_08.jpg" server="www.arca-web.com/www/group-kansai/" local="3770852827" remote="3770853720" Dst="-1" /><file name="nav_08.svg" server="www.arca-web.com/www/group-kansai/" local="3770852821" remote="3770853720" Dst="-1" /><file name="nav_arrow.png" server="www.arca-web.com/www/group-kansai/" local="3770852827" remote="3770853720" Dst="-1" /><file name="pagetop.png" server="www.arca-web.com/www/group-kansai/" local="3770852827" remote="3770853720" Dst="-1" /><file name="pickup_img.jpg" server="www.arca-web.com/www/group-kansai/" local="3770852827" remote="3770853720" Dst="-1" /><file name="pickup_img02.jpg" server="www.arca-web.com/www/group-kansai/" local="3770852825" remote="3770853720" Dst="-1" /><file name="pickup_img03.jpg" server="www.arca-web.com/www/group-kansai/" local="3770852824" remote="3770853720" Dst="-1" /><file name="pickup_img04.jpg" server="www.arca-web.com/www/group-kansai/" local="3770852824" remote="3770853720" Dst="-1" /><file name="pickup_img_mjh_01.jpg" server="www.arca-web.com/www/group-kansai/" local="3770852823" remote="3770853720" Dst="-1" /><file name="pickup_img_mjr_02.jpg" server="www.arca-web.com/www/group-kansai/" local="3770852823" remote="3770853720" Dst="-1" /><file name="renovate01_point01.jpg" server="www.arca-web.com/www/group-kansai/" local="3770852827" remote="3770853720" Dst="-1" /><file name="renovate01_img01.jpg" server="www.arca-web.com/www/group-kansai/" local="3770852827" remote="3770853720" Dst="-1" /><file name="renovate01_point02.jpg" server="www.arca-web.com/www/group-kansai/" local="3770852827" remote="3770853720" Dst="-1" /><file name="renovate01_point03.jpg" server="www.arca-web.com/www/group-kansai/" local="3770852827" remote="3770853720" Dst="-1" /><file name="renovate01_point04.jpg" server="www.arca-web.com/www/group-kansai/" local="3770852827" remote="3770853720" Dst="-1" /><file name="renovate02_img01.jpg" server="www.arca-web.com/www/group-kansai/" local="3770852827" remote="3770853720" Dst="-1" /><file name="renovate02_point01.jpg" server="www.arca-web.com/www/group-kansai/" local="3770852827" remote="3770853720" Dst="-1" /><file name="renovate02_point02.jpg" server="www.arca-web.com/www/group-kansai/" local="3770852827" remote="3770853720" Dst="-1" /><file name="renovate02_point03.jpg" server="www.arca-web.com/www/group-kansai/" local="3770852826" remote="3770853720" Dst="-1" /><file name="renovate02_point04.jpg" server="www.arca-web.com/www/group-kansai/" local="3770852826" remote="3770853720" Dst="-1" /><file name="renovate_icon.svg" server="www.arca-web.com/www/group-kansai/" local="3770852826" remote="3770853720" Dst="-1" /><file name="sell01_img01.jpg" server="www.arca-web.com/www/group-kansai/" local="3770852826" remote="3770853720" Dst="-1" /><file name="sell01_point01.jpg" server="www.arca-web.com/www/group-kansai/" local="3770852826" remote="3770853720" Dst="-1" /><file name="sell01_point02.jpg" server="www.arca-web.com/www/group-kansai/" local="3770852826" remote="3770853720" Dst="-1" /><file name="sell01_point03.jpg" server="www.arca-web.com/www/group-kansai/" local="3770852826" remote="3770853720" Dst="-1" /><file name="sell01_point04.jpg" server="www.arca-web.com/www/group-kansai/" local="3770852826" remote="3770853720" Dst="-1" /><file name="sell01_point05.jpg" server="www.arca-web.com/www/group-kansai/" local="3770852826" remote="3770853720" Dst="-1" /><file name="sell01_point06.jpg" server="www.arca-web.com/www/group-kansai/" local="3770852826" remote="3770853720" Dst="-1" /><file name="sell01_point07.jpg" server="www.arca-web.com/www/group-kansai/" local="3770852825" remote="3770853720" Dst="-1" /><file name="sell02_img01.jpg" server="www.arca-web.com/www/group-kansai/" local="3770852825" remote="3770853720" Dst="-1" /><file name="sell02_point01.jpg" server="www.arca-web.com/www/group-kansai/" local="3770852825" remote="3770853720" Dst="-1" /><file name="sell02_point02.jpg" server="www.arca-web.com/www/group-kansai/" local="3770852825" remote="3770853720" Dst="-1" /><file name="sell02_point03.jpg" server="www.arca-web.com/www/group-kansai/" local="3770852825" remote="3770853720" Dst="-1" /><file name="sell02_point04.jpg" server="www.arca-web.com/www/group-kansai/" local="3770852825" remote="3770853720" Dst="-1" /><file name="sell02_point05.jpg" server="www.arca-web.com/www/group-kansai/" local="3770852825" remote="3770853720" Dst="-1" /><file name="sell_icon.svg" server="www.arca-web.com/www/group-kansai/" local="3770852825" remote="3770853720" Dst="-1" /></dwsync>