<?xml version="1.0" encoding="utf-8" ?><dwsync><file name="common.js" server="www.arca-web.com/www/group-kansai/" local="3770852838" remote="3770853720" Dst="-1" /><file name="hammer.min.js" server="www.arca-web.com/www/group-kansai/" local="3770852838" remote="3770853720" Dst="-1" /><file name="jquery-2.2.0.min.js" server="www.arca-web.com/www/group-kansai/" local="3770852838" remote="3770853720" Dst="-1" /><file name="jquery.min.js" server="www.arca-web.com/www/group-kansai/" local="3770852838" remote="3770853720" Dst="-1" /><file name="jquery.mousewheel.min.js" server="www.arca-web.com/www/group-kansai/" local="3770852838" remote="3770853720" Dst="-1" /><file name="jquery.slick.js" server="www.arca-web.com/www/group-kansai/" local="3770852838" remote="3770853720" Dst="-1" /><file name="PinchZoomer.js" server="www.arca-web.com/www/group-kansai/" local="3770852838" remote="3770853720" Dst="-1" /><file name="script.js" server="www.arca-web.com/www/group-kansai/" local="3770852838" remote="3770853720" Dst="-1" /><file name="top-mv.js" server="www.arca-web.com/www/group-kansai/" local="3770852838" remote="3770853720" Dst="-1" /><file name="top.js" server="www.arca-web.com/www/group-kansai/" local="3770852838" remote="3770853720" Dst="-1" /><file name="TweenMax.min.js" server="www.arca-web.com/www/group-kansai/" local="3770852838" remote="3770853720" Dst="-1" /><file name="youtube.js" server="www.arca-web.com/www/group-kansai/" local="3770852838" remote="3770853720" Dst="-1" /></dwsync>