<?xml version="1.0" encoding="utf-8" ?><dwsync><file name="img_01.jpg" server="www.arca-web.com/www/group-kansai/" local="3770852845" remote="3770853720" Dst="-1" /><file name="img_02.jpg" server="www.arca-web.com/www/group-kansai/" local="3770852846" remote="3770853720" Dst="-1" /><file name="img_03.jpg" server="www.arca-web.com/www/group-kansai/" local="3770852845" remote="3770853720" Dst="-1" /><file name="img_04.jpg" server="www.arca-web.com/www/group-kansai/" local="3770852846" remote="3770853720" Dst="-1" /><file name="img_06.jpg" server="www.arca-web.com/www/group-kansai/" local="3770852846" remote="3770853720" Dst="-1" /><file name="item1.jpg" server="www.arca-web.com/www/group-kansai/" local="3770852846" remote="3770853720" Dst="-1" /><file name="img_05.jpg" server="www.arca-web.com/www/group-kansai/" local="3770852846" remote="3770853720" Dst="-1" /><file name="mv_sp.jpg" server="www.arca-web.com/www/group-kansai/" local="3770852845" remote="3770853720" Dst="-1" /><file name="mv.jpg" server="www.arca-web.com/www/group-kansai/" local="3770852845" remote="3770853720" Dst="-1" /></dwsync>