<?xml version="1.0" encoding="utf-8" ?><dwsync><file name="ogimage_check.jpg" server="www.arca-web.com/www/group-kansai/" local="3770852838" remote="3770853720" Dst="-1" /><file name="ogimage.jpg" server="www.arca-web.com/www/group-kansai/" local="3770852837" remote="3770853720" Dst="-1" /><file name="ogimage_column_mjh_01.jpg" server="www.arca-web.com/www/group-kansai/" local="3770852837" remote="3770853720" Dst="-1" /><file name="ogimage_column_mjhn_01.jpg" server="www.arca-web.com/www/group-kansai/" local="3770852837" remote="3770853720" Dst="-1" /><file name="ogimage_column_mjhn_02.jpg" server="www.arca-web.com/www/group-kansai/" local="3770852837" remote="3770853720" Dst="-1" /><file name="ogimage_column_mjr_01.jpg" server="www.arca-web.com/www/group-kansai/" local="3770852837" remote="3770853720" Dst="-1" /><file name="ogimage_column_mjr_02.jpg" server="www.arca-web.com/www/group-kansai/" local="3770852837" remote="3770853720" Dst="-1" /><file name="ogimage_column_ul_01.jpg" server="www.arca-web.com/www/group-kansai/" local="3770852837" remote="3770853720" Dst="-1" /></dwsync>