<?xml version="1.0" encoding="utf-8" ?><dwsync><file name="a1.html" server="www.arca-web.com/www/group-kansai/" local="3770853133" remote="3770853720" Dst="-1" /><file name="a2.html" server="www.arca-web.com/www/group-kansai/" local="3770853133" remote="3770853720" Dst="-1" /><file name="a3.html" server="www.arca-web.com/www/group-kansai/" local="3770853133" remote="3770853720" Dst="-1" /><file name="a4.html" server="www.arca-web.com/www/group-kansai/" local="3770853133" remote="3770853720" Dst="-1" /><file name="a5.html" server="www.arca-web.com/www/group-kansai/" local="3770853134" remote="3770853720" Dst="-1" /><file name="a6.html" server="www.arca-web.com/www/group-kansai/" local="3770853134" remote="3770853720" Dst="-1" /><file name="a7.html" server="www.arca-web.com/www/group-kansai/" local="3770853134" remote="3770853720" Dst="-1" /><file name="a8.html" server="www.arca-web.com/www/group-kansai/" local="3770853134" remote="3770853720" Dst="-1" /><file name="check.html" server="www.arca-web.com/www/group-kansai/" local="3770853134" remote="3770853720" Dst="-1" /><file name="index.html" server="www.arca-web.com/www/group-kansai/" local="3770853134" remote="3770853720" Dst="-1" /></dwsync>